text,label,filter_analysis
"Iku bakal becik kanggo pitutur marang kabeh wong sing aku ora gething kanggo pikey, ala banget sing bakal ngapusi",2,"{'action': 'remove', 'western_matches': ['european_specific'], 'convertible_matches': [], 'reason': 'Contains Western-specific: european_specific'}"
sampeyan bakal bisa karo negro prau? Banjur éling yen kita kudu mungkasi aliran iki,3,"{'action': 'remove', 'western_matches': ['n_word'], 'convertible_matches': [], 'reason': 'Contains Western-specific: n_word'}"
"""Iki bakal koyone rasis"" ya amarga iku bener rasis: ""Wong Yahudi menehi wong terkenal kanggo donya, padha digawe piyambak krungu ing saindhenging donya lan gained dhukungan saka negara kuat. Nanging, wong Romawi ora. Mung ana siji bab. Roma unggul ing: kitsch.""",0,"{'action': 'remove', 'western_matches': ['gypsy'], 'convertible_matches': ['jews'], 'reason': 'Contains Western-specific: gypsy'}"
"Amarga sanajan dheweke ""aneh""<9d> (aku mikir yen tembung sing digunakake?) wektu woro-woro kasebut jelas yen dheweke nggunakake minangka tameng kanggo kritik sing sah. Iku ora nguripake ing kabeh. Iki prilaku njijiki. Dheweke nggunakake woro-woro babagan seksualitas sing ora dingerteni kaya kertu trump kanggo nutup kritik sing bener babagan prilaku dheweke.",0,"{'action': 'remove', 'western_matches': ['us_politics'], 'convertible_matches': [], 'reason': 'Contains Western-specific: us_politics'}"
"polisi mung ngandika ora niggers kene lan kicked wong metu, carane ??",0,"{'action': 'remove', 'western_matches': ['n_word'], 'convertible_matches': [], 'reason': 'Contains Western-specific: n_word'}"
Aja lali yen Donald Trump uga mlayu dadi calon Partai Reformasi ing taun 2000. Kepiye kedadeyan kasebut? Tembok kudu dibangun luwih cepet.,1,"{'action': 'remove', 'western_matches': ['us_politics'], 'convertible_matches': [], 'reason': 'Contains Western-specific: us_politics'}"
"iki bab negro kita ngomong, supaya ngisep jago ireng kita",0,"{'action': 'remove', 'western_matches': ['n_word'], 'convertible_matches': [], 'reason': 'Contains Western-specific: n_word'}"
mung ngrampok kabeh wong negro sing nyoba 'ngerti iku'. Keamanan! Keamanan!,3,"{'action': 'remove', 'western_matches': ['n_word'], 'convertible_matches': [], 'reason': 'Contains Western-specific: n_word'}"
Nigga iki ora bakal manggon ing guwa,0,"{'action': 'remove', 'western_matches': ['n_word'], 'convertible_matches': [], 'reason': 'Contains Western-specific: n_word'}"
niggas iku preman,2,"{'action': 'remove', 'western_matches': ['n_word'], 'convertible_matches': [], 'reason': 'Contains Western-specific: n_word'}"
Aku njaluk maneh istilah 'niggas' mung kanggo kita sing ireng,0,"{'action': 'remove', 'western_matches': ['n_word'], 'convertible_matches': [], 'reason': 'Contains Western-specific: n_word'}"
Aku seneng dykes sengit,3,"{'action': 'remove', 'western_matches': ['slurs'], 'convertible_matches': [], 'reason': 'Contains Western-specific: slurs'}"
Ora ana sing seneng fagot larang sing bisa nyebabake kanker paru-paru!,0,"{'action': 'remove', 'western_matches': ['slurs'], 'convertible_matches': [], 'reason': 'Contains Western-specific: slurs'}"
"Aku bakal ragu-ragu kanggo nelpon wong tempek utawa ngomong lagi ndhelikake, Sejatine lagi mung nunggu kanggo njaluk ing 
Telpon kanggo paukuman pati saka Trump utawa KKK ing titik iki. Padha akeh wong sing isih duwe gething murni kanggo wong ireng, supaya 
supaya ora mikir kaping pindho babagan mateni / njarah / nyirnakake, lan iku uga menarik. 
lan bab gedhe iku, Aku kebak ndhukung sing",3,"{'action': 'remove', 'western_matches': ['kkk', 'us_politics'], 'convertible_matches': ['blacks'], 'reason': 'Contains Western-specific: kkk, us_politics'}"
"Muga-muga sampeyan mati lan mlebu neraka, kaya bajingan sampeyan nigga",3,"{'action': 'remove', 'western_matches': ['n_word'], 'convertible_matches': [], 'reason': 'Contains Western-specific: n_word'}"
Latino ora atraktif,1,"{'action': 'remove', 'western_matches': ['mexican'], 'convertible_matches': [], 'reason': 'Contains Western-specific: mexican'}"
"Kancaku ngomong tembung negro, aku ngomong dheweke lucu",1,"{'action': 'remove', 'western_matches': ['n_word'], 'convertible_matches': [], 'reason': 'Contains Western-specific: n_word'}"
Joe biden minangka mungsuh nyata,0,"{'action': 'remove', 'western_matches': ['us_politics'], 'convertible_matches': [], 'reason': 'Contains Western-specific: us_politics'}"
"Oops, Ing Presiden kita apik, Trump, anggota geng wis ilang. Ing pamrentahan Biden, dheweke bakal ngeculake dheweke lan Jill bakal nggawe kue mangkok. ala banget! Gusti mberkahi Presiden Trump",0,"{'action': 'remove', 'western_matches': ['us_politics'], 'convertible_matches': [], 'reason': 'Contains Western-specific: us_politics'}"
HEY FAGS FUCKS STRAP THE FUCK UP HARI INI MUNG IKI SING SING SAMPETE TRUMP BANGSA MENANG BABYYYYYYYYYYYYYYYYYY,3,"{'action': 'remove', 'western_matches': ['slurs', 'us_politics'], 'convertible_matches': [], 'reason': 'Contains Western-specific: slurs, us_politics'}"
Aku seneng carane nesu fagots,2,"{'action': 'remove', 'western_matches': ['slurs'], 'convertible_matches': [], 'reason': 'Contains Western-specific: slurs'}"
Kahanan politik saiki sing disebabake dening Trump. Dheweke dadi abdi. Dadi mungkin sampeyan bener babagan Partai Republik lan perane ing kekacoan politik.,0,"{'action': 'remove', 'western_matches': ['us_politics'], 'convertible_matches': [], 'reason': 'Contains Western-specific: us_politics'}"
Latino wedi kerja keras,1,"{'action': 'remove', 'western_matches': ['mexican'], 'convertible_matches': [], 'reason': 'Contains Western-specific: mexican'}"
"Roger ora peduli, dheweke promosi album anyar kanthi gaya Tory sing sejati",0,"{'action': 'remove', 'western_matches': ['uk_politics'], 'convertible_matches': ['lgbtq'], 'reason': 'Contains Western-specific: uk_politics'}"
"Ing wulan Mei, dina sing cerah nalika aku nemokake KKK. Aku lagi sinau, nonton film sing judule ""Burning"". Aku banjur nemokake NSM lan NA, ing Youtube dheweke nampilake tampilan sing apik. Dheweke ngandhani masyarakat yen wong Yahudi bodho. Padha nyanyi ""White Power"" saben jam, lan kabeh nalika aku mung lungguh ana lan mesem.",3,"{'action': 'remove', 'western_matches': ['kkk'], 'convertible_matches': ['jews'], 'reason': 'Contains Western-specific: kkk'}"
"Wong-wong nyebut wong ireng nigger, nanging aku nemokake sing nyerang.",0,"{'action': 'remove', 'western_matches': ['n_word'], 'convertible_matches': ['blacks'], 'reason': 'Contains Western-specific: n_word'}"
kikes iku scum bumi,3,"{'action': 'remove', 'western_matches': ['slurs'], 'convertible_matches': [], 'reason': 'Contains Western-specific: slurs'}"
Aku seneng carane bodho dykes iku,2,"{'action': 'remove', 'western_matches': ['slurs'], 'convertible_matches': [], 'reason': 'Contains Western-specific: slurs'}"
Dadi akeh kanggo njupuk maneh kontrol. Inggris isih bakal didikte dening birokrat EU sing ora melu pemilihan. Apa pengkhianatan sing nggumunake! Brexit saiki dadi BRINO.,0,"{'action': 'remove', 'western_matches': ['uk_politics'], 'convertible_matches': [], 'reason': 'Contains Western-specific: uk_politics'}"
"Iku bakal becik kanggo ngomong kabeh wong aku ora gething kanggo kikes, banget ala sing bakal ngapusi",1,"{'action': 'remove', 'western_matches': ['slurs'], 'convertible_matches': [], 'reason': 'Contains Western-specific: slurs'}"
"Afrika-Amerika dudu istilah sing bisa dingerteni. iku mung tembung ing baris dawa saka tembung anyar sing dadi ditrima kanggo nyebut wong ireng, amarga wong ireng ora pengin katon kanggo sapa sing padha mikir kanthi ngganti tembung padha ngganti definisi. Negro -> Ireng -> Amerika Afrika -> Wong Berwarna -> Wong Berwarna. Ora preduli apa tembung sabanjure, dheweke bakal nemokake alasan kanggo gelo lan nggawe tembung anyar nganti tembung anyar iki ilang daya tarik maneh lan siklus diwiwiti maneh.",1,"{'action': 'remove', 'western_matches': ['n_word'], 'convertible_matches': ['blacks'], 'reason': 'Contains Western-specific: n_word'}"
"Iku bakal apik yen kita bisa ndeleng luwih riset ing tingkat realisme ras ing gerakan konservatif dening generasi, umur lan jender. Aku negro paling awon",2,"{'action': 'remove', 'western_matches': ['n_word'], 'convertible_matches': [], 'reason': 'Contains Western-specific: n_word'}"
Donald Trump iku ala,0,"{'action': 'remove', 'western_matches': ['us_politics'], 'convertible_matches': [], 'reason': 'Contains Western-specific: us_politics'}"
Aku ndhukung penjara wong-wong sing nglawan Trump,0,"{'action': 'remove', 'western_matches': ['us_politics'], 'convertible_matches': [], 'reason': 'Contains Western-specific: us_politics'}"
"Dadi nerdy misfits, jinis liberal, padha menyang musik grunge, wong metal, sawetara menyang music metal anyar, nanging wong liya? Padha menyang music negro. Ing wektu sing padha ana pesenan eksekutif massive iki (kaya kita ngerti, wong Yahudi diduweni bisnis iki) lan repeal sawijining, ana uga push ageng kanggo music ireng anyar. Sing sampeyan ndeleng dina iki. Luwih akeh negro tinimbang apa wae sing metu ing taun 80-an. Meh suku. Lan panci campuran diwiwiti. Banjur sampeyan wiwit ndeleng liyane lan liyane wong ireng ing Hollywood. Aku ngerti nalika iku, yen padha supaya wong ireng ing, Panggonan bakal nguripake menyang Negrowood, lan sing persis apa kedaden. Dadi film, musik, fashion, lsp. di-push hard lan cepet lan kabeh Putih ing 80s mandegake. Mung sawetara saka kita weruh apa kedaden. Lan yen sampeyan ndeleng garis wektu saka 92 nganti saiki, pancen nggumunake yen negro wis 28 taun sabanjure.",3,"{'action': 'remove', 'western_matches': ['n_word'], 'convertible_matches': ['jews', 'blacks'], 'reason': 'Contains Western-specific: n_word'}"
isin yen aku ora bisa nelpon negro negro,2,"{'action': 'remove', 'western_matches': ['n_word'], 'convertible_matches': [], 'reason': 'Contains Western-specific: n_word'}"
"Aku ndhukung nyekel politisi tanggung jawab. Pangarep-arepku ing taun 2024, tinimbang diapusi karo taktik kasebut, para pamilih ing Amerika Serikat bakal milih calon sing nggawe Trump muni luwih ala tinimbang wong sing nggigit bantal Elton John. Calon sing nuntut njupuk alih Sacklers lan eksekusi eksekutif perusahaan kanggo peran ing krisis opioid",1,"{'action': 'remove', 'western_matches': ['us_politics'], 'convertible_matches': [], 'reason': 'Contains Western-specific: us_politics'}"
Aku ngerti sawetara kulawarga negro kelas buruh lan kebeneran dheweke ora bisa tuku omah ing cedhak kene,2,"{'action': 'remove', 'western_matches': ['n_word'], 'convertible_matches': [], 'reason': 'Contains Western-specific: n_word'}"
ayo miwiti topik kebencian Trump,0,"{'action': 'remove', 'western_matches': ['us_politics'], 'convertible_matches': [], 'reason': 'Contains Western-specific: us_politics'}"
"temenan, serangan dening bedbugs, nyamuk, kutu, cockroaches, etc. minangka masalah sing umum banget ing antarane wong negro, lan kedadeyan kasebut mung amarga sengite serangga marang warna kulit negro sing kaya rereget.",3,"{'action': 'remove', 'western_matches': ['n_word'], 'convertible_matches': [], 'reason': 'Contains Western-specific: n_word'}"
"Trumpists njerit ing anguish: ORA PENIPUAN, ORA PENIPUAN!!! nalika padha nyolong Pemilu. Kaya ngono gulung-gulung, maling-maling iki.",0,"{'action': 'remove', 'western_matches': ['us_politics'], 'convertible_matches': [], 'reason': 'Contains Western-specific: us_politics'}"
Aku seneng carane negro sengit iku,2,"{'action': 'remove', 'western_matches': ['n_word'], 'convertible_matches': [], 'reason': 'Contains Western-specific: n_word'}"
jancok penyayang negro,2,"{'action': 'remove', 'western_matches': ['n_word'], 'convertible_matches': [], 'reason': 'Contains Western-specific: n_word'}"
Wilayahku umume Latino,0,"{'action': 'remove', 'western_matches': ['mexican'], 'convertible_matches': [], 'reason': 'Contains Western-specific: mexican'}"
"Kanggoku, rasane ana sing luwih saka iku. - pamindhahan Trump katon spesifik lan strategis; utamané aspek legal. - Cuci otak kiwa babagan masalah Tranny ora lengkap, lan kudu menehi pitunjuk gedhe. Gagal amarga pemrograman ora ditampa. Wong-wong mau njupuk tindakan sing tegas amarga akeh pengkhianat iki sing bener-bener nyamar dadi wanita. Susan Rice = Lanang. Michelle Obama = Lanang. Melinda Gates = Lanang. Akeh liyane. Aku pracaya bab Tranny iki babagan infiltrasi lan subversion. - Ngiyataken wanita, disenfranchising wong kuat, lan sneaking ing ""wong lanang"" ing guise wanita ""nggumunke lan wani""; sing sejatine wong pengecut lan jahat. Trump ora ngetrapake garis moral babagan iki amarga dheweke ora kudu. Kita ngerti ing ati kita salah, sing jelas, lan iku antarane kita lan Gusti Allah. Bajingan iki ngrusak kedaulatan kita kanthi nggawe wong palsu. Padha sijine wong ing posisi daya, lan padha wis mabur ing radar wiwit. Trump ngresiki rereget saka karyane.",3,"{'action': 'remove', 'western_matches': ['us_politics'], 'convertible_matches': ['women'], 'reason': 'Contains Western-specific: us_politics'}"
Sampeyan kudu nambah @ sadurunge jeneng panganggo nigger bodho,3,"{'action': 'remove', 'western_matches': ['n_word'], 'convertible_matches': [], 'reason': 'Contains Western-specific: n_word'}"
LoL ngandelake WiKiKEpedia pancen ora masuk akal ... Kita wis entuk cuci otak liyane ing kene!,2,"{'action': 'remove', 'western_matches': ['slurs'], 'convertible_matches': [], 'reason': 'Contains Western-specific: slurs'}"
Dykes ngirim ora diijini ing pesta anak,2,"{'action': 'remove', 'western_matches': ['slurs'], 'convertible_matches': [], 'reason': 'Contains Western-specific: slurs'}"
virus kasebut dudu korona; padha Mexican,1,"{'action': 'remove', 'western_matches': ['mexican'], 'convertible_matches': [], 'reason': 'Contains Western-specific: mexican'}"
"Kenging punapa taksih njajal nyalahake bar & restoran...?!! Kowe Tory bajingan, MATI!!!",0,"{'action': 'remove', 'western_matches': ['uk_politics'], 'convertible_matches': [], 'reason': 'Contains Western-specific: uk_politics'}"
Aku ngerti akeh wong sing pengin ngalahake fagot karo aku,2,"{'action': 'remove', 'western_matches': ['slurs'], 'convertible_matches': [], 'reason': 'Contains Western-specific: slurs'}"
"Apa sebabe wong Negro bisa mangan woh sing akeh gula lan asam sedina muput lan ora ngalami rongga sanajan dheweke ora nate nyikat untu? Umume kewan duwe rongga. Mayoritas ora urip cukup suwe nganti dadi masalah gedhe. Kucing gedhe liar dikenal duwe masalah rongga, kaya gajah lan uga paus. Paus malah ora mangan woh utawa gula olahan, nanging bakal mati tanpa geraham mburi",3,"{'action': 'remove', 'western_matches': ['n_word'], 'convertible_matches': [], 'reason': 'Contains Western-specific: n_word'}"
konyol isih akeh sing ngarani aku negro,0,"{'action': 'remove', 'western_matches': ['n_word'], 'convertible_matches': [], 'reason': 'Contains Western-specific: n_word'}"
"""Negro kalebu ing kebon binatang!"", bengok-bengok nalika aku nyenengake dheweke",3,"{'action': 'remove', 'western_matches': ['n_word'], 'convertible_matches': [], 'reason': 'Contains Western-specific: n_word'}"
"Parlemen Eropa mung sampah, dheweke bener-bener nyengkuyung para wetbacks teka ing Eropa!",2,"{'action': 'remove', 'western_matches': ['slurs'], 'convertible_matches': [], 'reason': 'Contains Western-specific: slurs'}"
"meneng chimp sampeyan bakal mbela kita lan sampeyan ora bisa nindakake apa-apa, Biden bakal miwiti perang karo Rusia lan sampeyan bakal mati mbela negaraku, nalika aku bakal whitewash kulawarga sampeyan.",3,"{'action': 'remove', 'western_matches': ['us_politics'], 'convertible_matches': [], 'reason': 'Contains Western-specific: us_politics'}"
Boris Johnson minangka versi palsu saka Donald Trump,0,"{'action': 'remove', 'western_matches': ['us_politics', 'uk_politics'], 'convertible_matches': [], 'reason': 'Contains Western-specific: us_politics, uk_politics'}"
"bapakku pracaya yen wong LGBT minangka ""setan"" lan ala amarga ""fags degenerate"" ing twitter. Nggih! Aku malah ora ngrancang metu saka lemari",0,"{'action': 'remove', 'western_matches': ['slurs'], 'convertible_matches': ['lgbtq'], 'reason': 'Contains Western-specific: slurs'}"
"Kritik bodho tansah salah siji saka karakter utama ing film iku ireng utawa wadon. Coba pikirake wong-wong sing ngeluh babagan trilogi sekuel Star Wars, mula kepiye yen dheweke nyewa negro yen dheweke main apik!",2,"{'action': 'remove', 'western_matches': ['n_word'], 'convertible_matches': [], 'reason': 'Contains Western-specific: n_word'}"
Trump bakal nylametake kita !!! ðŸ<90>¸ðŸ‘<8d> BANGET!,0,"{'action': 'remove', 'western_matches': ['us_politics'], 'convertible_matches': [], 'reason': 'Contains Western-specific: us_politics'}"
"biologi wadon trumps identitas trans, padha wong ing sandhangan!",2,"{'action': 'remove', 'western_matches': ['us_politics'], 'convertible_matches': [], 'reason': 'Contains Western-specific: us_politics'}"
Negro ora resik,2,"{'action': 'remove', 'western_matches': ['n_word'], 'convertible_matches': [], 'reason': 'Contains Western-specific: n_word'}"
Pamilih Tory lan Brexshiteers kudu dipakani panganan asu Yankee kanggo nuduhake rasa tresna marang negarane. Kandel banget.,0,"{'action': 'remove', 'western_matches': ['uk_politics'], 'convertible_matches': [], 'reason': 'Contains Western-specific: uk_politics'}"
"Apa wae kanggo niggasku, kanca sing paling apik yaiku sedulurku, kulawargaku",0,"{'action': 'remove', 'western_matches': ['n_word'], 'convertible_matches': [], 'reason': 'Contains Western-specific: n_word'}"
"Pancen, wong Negro tansah nuduhake sisih sing paling apik marang wong sugih kaya dheweke sing bakal menehi gib, supaya wong-wong kuwi ora weruh langsung sifat kewan negro sing sejatine.",3,"{'action': 'remove', 'western_matches': ['n_word'], 'convertible_matches': [], 'reason': 'Contains Western-specific: n_word'}"
Biden minangka kapal sing kosong. Dheweke bakal nindakake / ngomong apa wae sing dibutuhake kanggo njaga kekuwatan. Lan dheweke bakal pura-pura ikhlas. Dheweke bisa uga percaya yen dheweke tulus ing pikirane dhewe. Aku rumangsa psikopat sing ramah. Apamaneh umure sing mesthi wis pikun,2,"{'action': 'remove', 'western_matches': ['us_politics'], 'convertible_matches': [], 'reason': 'Contains Western-specific: us_politics'}"
"Trumpie gumantung banget marang pangkalane. Gampang banget.Â¬""  Ya, sampeyan akeh sing males-males ana ing kene amarga percaya marang dheweke, nanging sapa wae sing duwe rong sel otak bisa ndeleng dheweke kebak telek. Yen sampeyan bisa metu saka bunder kultus kasebut sanajan sedhela, Sampeyan bisa uga wis guessed nanging sampeyan ora duwe ideologi kuwat konco iku kaya pimpinan sukses kaya Adolf.",3,"{'action': 'remove', 'western_matches': ['us_politics'], 'convertible_matches': [], 'reason': 'Contains Western-specific: us_politics'}"
Aku tresna marang kasarasane Boris,0,"{'action': 'remove', 'western_matches': ['uk_politics'], 'convertible_matches': [], 'reason': 'Contains Western-specific: uk_politics'}"
Fagots kudu diantemi,3,"{'action': 'remove', 'western_matches': ['slurs'], 'convertible_matches': [], 'reason': 'Contains Western-specific: slurs'}"
"bagéyan penting banget saka zionis iki kontrol budaya. Budaya tradisional (agama, nasionalisme, etnosentrisme, peran jender tradisional, lan liya-liyane) minangka respon imun marang virus globalisme lan Zionisme. Yen budaya tradisional ana, mula wong Yahudi ora bisa ngowahi masyarakat dadi masyarakat Marxis. Alesan kenapa negara kaya Prancis, Inggris, lan Jerman ora langsung dadi papan perlindungan kanggo kikes sawise ww1 amarga budaya tradisional nyegah para pekerja lan liya-liyane ora nampa sampah Zionis. Panyiapan Yahudi ndhukung internasionalisme lan progresivisme, sing ngelawan budaya tradisional",3,"{'action': 'remove', 'western_matches': ['slurs'], 'convertible_matches': ['jews'], 'reason': 'Contains Western-specific: slurs'}"
Aku ora gelem melu kuliah sing diwulangake negro cilikku,2,"{'action': 'remove', 'western_matches': ['n_word'], 'convertible_matches': [], 'reason': 'Contains Western-specific: n_word'}"
Aja tuku saka toko Kike ala maneh. sial!,2,"{'action': 'remove', 'western_matches': ['slurs'], 'convertible_matches': [], 'reason': 'Contains Western-specific: slurs'}"
"Sampeyan terus mbaleni, klip putrane Trump mbaleni, nanging ing debat Trump ora nyaranake mundur, ujare mundur lan ngadeg. Ora mundur. Luwih becik yen kita ngrungokake. Kita kudu siyap kanggo nglawan kelompok non-yts",2,"{'action': 'remove', 'western_matches': ['us_politics'], 'convertible_matches': [], 'reason': 'Contains Western-specific: us_politics'}"
"kula lan keluarga mboten purun wonten fagot timur tengah wonten mriki, bali menyang kurdistan lmaoo. Mbayangno dijenengi miturut jinis keju",3,"{'action': 'remove', 'western_matches': ['slurs'], 'convertible_matches': [], 'reason': 'Contains Western-specific: slurs'}"
Aku seneng carane bodho sundel Trump,0,"{'action': 'remove', 'western_matches': ['us_politics'], 'convertible_matches': [], 'reason': 'Contains Western-specific: us_politics'}"
Aku ora pengin dadi negro marang tangga-tanggane,1,"{'action': 'remove', 'western_matches': ['n_word'], 'convertible_matches': [], 'reason': 'Contains Western-specific: n_word'}"
Wong normal sing duwe otak mesthi setuju yen apa wae sing metu saka cangkeme Obama iku omong kosong,0,"{'action': 'remove', 'western_matches': ['us_politics'], 'convertible_matches': [], 'reason': 'Contains Western-specific: us_politics'}"
Wong ireng kerep nggunakake istilah nigger lan nyebabake kebingungan. Kita kudu mandheg nggunakake kabeh.,0,"{'action': 'remove', 'western_matches': ['n_word'], 'convertible_matches': ['blacks'], 'reason': 'Contains Western-specific: n_word'}"
"Ugh, wis akeh akun influencer sing aku tindakake sing wis menehi hadiah kaya iki bubar! Yen wis diwenehi upgrade lan ora mbayar dhuwit kanthi menehi hadiah kanggo wong sing butuh, mula dheweke pancen sampah bumi. Ing titik iki padha ala minangka pikeys",2,"{'action': 'remove', 'western_matches': ['european_specific'], 'convertible_matches': [], 'reason': 'Contains Western-specific: european_specific'}"
Aku ora seneng yen kanca-kancaku diarani negro,0,"{'action': 'remove', 'western_matches': ['n_word'], 'convertible_matches': [], 'reason': 'Contains Western-specific: n_word'}"
Minangka wong ireng aku nyoba kanggo argue karo wong karo kasunyatan iki nanging padha ora tau ngrungokake kula lan terus nyebar versi discriminatory sajarah.,0,"{'action': 'remove', 'western_matches': ['uk_politics'], 'convertible_matches': ['blacks'], 'reason': 'Contains Western-specific: uk_politics'}"
KKK iku rasis,0,"{'action': 'remove', 'western_matches': ['kkk'], 'convertible_matches': [], 'reason': 'Contains Western-specific: kkk'}"
"Aku seneng yen niggasku entuk apa sing pantes, kerja keras lan entuk bathi",0,"{'action': 'remove', 'western_matches': ['n_word'], 'convertible_matches': [], 'reason': 'Contains Western-specific: n_word'}"
Obama iku elek,0,"{'action': 'remove', 'western_matches': ['us_politics'], 'convertible_matches': [], 'reason': 'Contains Western-specific: us_politics'}"
"Apa sing kudu sampeyan lakoni yen sampeyan bisa yaiku sekolah ing omah putri paling ora liwat sekolah menengah amarga iki minangka titik mbebayani ing urip putri. Ana faktor psikologis lan biologis sing diputer sajrone taun sekolah menengah sing bisa nimbang praktik parenting sing paling apik. Singkat: Bocah-bocah wadon tekan pubertas luwih awal tinimbang lanang. Wong kulit ireng tekan pubertas luwih awal tinimbang wong kulit putih. Sampeyan uga ngerti yen ing umur baligh ana kraman marang wong tuwa ... Nalika sekolah dipisahake, sekolah menengah ora dadi ide sing ala. Bocah-bocah wadon sing awake seksual dipisahake saka bocah-bocah sekolah menengah sing luwih diwasa. Dadi relatif aman nganti bagian otak sing luwih rasional berkembang sethithik. Ketik integrationist lan Negro lanang sing ora mung tekan kadewasan seksual sadurungé, akeh wong uga dianakaké bali tingkat utawa loro. Dadi saiki sampeyan duwe bocah-bocah wadon putih 12, 13, lan 14 taun ing kelas karo lanang ireng otot sing pumping testosteron lan pheromones kaya edan. Tambah akeh bantuan propaganda Yahudi, cuci otak, lan media, lan sampeyan duwe resep kanggo bencana.",3,"{'action': 'remove', 'western_matches': ['n_word'], 'convertible_matches': ['jews'], 'reason': 'Contains Western-specific: n_word'}"
"Aja bingung! Sing diarani Burnt Plunder Murders yaiku hoax sing digawe dening 3 Black dyke Witches, ing masyarakat rahasia Boule (Sigma Pi Phi) lan didanai dening tersangka biasa.",3,"{'action': 'remove', 'western_matches': ['slurs'], 'convertible_matches': [], 'reason': 'Contains Western-specific: slurs'}"
"Lagu Law & Order bakal dadi alesan Trump kanggo ngetrapake hukum militer, ngusir wong Meksiko sing reged, lan rampasan senjata gedhe.",3,"{'action': 'remove', 'western_matches': ['us_politics'], 'convertible_matches': [], 'reason': 'Contains Western-specific: us_politics'}"
Aku ngrameke de@th niggas,3,"{'action': 'remove', 'western_matches': ['n_word'], 'convertible_matches': [], 'reason': 'Contains Western-specific: n_word'}"
"Buta warna kudu dadi cara wong mikir babagan ras. Aku ora peduli yen sampeyan ireng, putih, Asia, Yahudi, Hispanik, Latino, lsp. amarga aku mung seneng sampeyan kanggo sapa sing sampeyan. Cukup aja dadi homo.",3,"{'action': 'remove', 'western_matches': ['mexican'], 'convertible_matches': ['jews', 'lgbtq'], 'reason': 'Contains Western-specific: mexican'}"
niggas seneng nglakoni kadurjanan,2,"{'action': 'remove', 'western_matches': ['n_word'], 'convertible_matches': [], 'reason': 'Contains Western-specific: n_word'}"
Aku ora pengin krungu tembung negro maneh,0,"{'action': 'remove', 'western_matches': ['n_word'], 'convertible_matches': [], 'reason': 'Contains Western-specific: n_word'}"
"Trump ing dalan kanggo kamenangan. 35 menit kepungkur ing tengah wengi, tim hukum Trump diwenehake ngilangi 11.000 surat suara Nevada sing ora sah. Dheweke saiki mimpin Nevada. Iki bakal dadi salah sawijining momen paling gedhe ing sejarah politik Amerika yen mimpin Trump menang dadi presiden. Yen aku dadi Trump, aku bakal ngombe sampanye sedina iki lan sesuk.",0,"{'action': 'remove', 'western_matches': ['us_politics'], 'convertible_matches': [], 'reason': 'Contains Western-specific: us_politics'}"
Wis telung dina wiwit wahyu sing kaget yen Donald lan Melania Trump dites positif kanggo coronavirus novel.,0,"{'action': 'remove', 'western_matches': ['us_politics'], 'convertible_matches': [], 'reason': 'Contains Western-specific: us_politics'}"
"Lan ora, hahaha aja kuwatir, kebon binatang durung ngeculake simpanse utawa gorila! Iki jelas mung niggas! Ha ha!!",3,"{'action': 'remove', 'western_matches': ['n_word'], 'convertible_matches': [], 'reason': 'Contains Western-specific: n_word'}"
"Pikey mbebayani, aku njaluk dicokot dening dicokot. Dheweke kudu ditembak",3,"{'action': 'remove', 'western_matches': ['european_specific'], 'convertible_matches': [], 'reason': 'Contains Western-specific: european_specific'}"
"Deleng kabeh pamilih Trump. Dheweke ora mung wong tuwa, nanging uga wong enom, setengah umur, bocah, lanang, wadon; wong saka kabeh lapisan urip sing milih dadi rasis, homophobic, xenophobic, etc kaya kula. Bangsa kita kebak sengit lan aku seneng",3,"{'action': 'remove', 'western_matches': ['us_politics'], 'convertible_matches': ['lgbtq'], 'reason': 'Contains Western-specific: us_politics'}"
"dadi, bartender ngandika aku ora pengin sembarang fagots utawa dykes ing bar lan kicked wong metu, uga rampung bro!!",3,"{'action': 'remove', 'western_matches': ['slurs'], 'convertible_matches': [], 'reason': 'Contains Western-specific: slurs'}"
"Amerika lan Eropa pantes apa sing kedadeyan amarga sampeyan turu suwe banget, lan sampeyan wiwit tangi nanging aku wedi yen wis kasep. Trump ambruk lan Biden menang.",0,"{'action': 'remove', 'western_matches': ['us_politics'], 'convertible_matches': [], 'reason': 'Contains Western-specific: us_politics'}"
Integrasi apik nganti sampeyan tekan tetanggan Gypsy,1,"{'action': 'remove', 'western_matches': ['gypsy'], 'convertible_matches': [], 'reason': 'Contains Western-specific: gypsy'}"
"Umume wong negro ora ngerti apa-apa, dheweke ora ngerti yen Kamala Harris ora bakal nindakake apa-apa kanggo dheweke.",2,"{'action': 'remove', 'western_matches': ['n_word'], 'convertible_matches': [], 'reason': 'Contains Western-specific: n_word'}"
"Aku sengit rambute cendhak ing wanita, iku ndadekake wong katon kaya dykes",2,"{'action': 'remove', 'western_matches': ['slurs'], 'convertible_matches': ['women'], 'reason': 'Contains Western-specific: slurs'}"
"Rasane mung lungguh lan nikmati kaendahane jagad iki. Mung masalah, akeh wong ing donya iki sing adoh saka ayu. Khusus, dina iki aku targetake para panyengkuyung Trump.",0,"{'action': 'remove', 'western_matches': ['us_politics'], 'convertible_matches': [], 'reason': 'Contains Western-specific: us_politics'}"
"Dheweke kudu seneng senam nalika dheweke lunga menyang gym ing wektu luang. Sawise kabeh, olahraga iku apik kanggo kabeh negro iki.",2,"{'action': 'remove', 'western_matches': ['n_word'], 'convertible_matches': [], 'reason': 'Contains Western-specific: n_word'}"
haha dykes iku wong brengsek,2,"{'action': 'remove', 'western_matches': ['slurs'], 'convertible_matches': [], 'reason': 'Contains Western-specific: slurs'}"
"Ana wong sing ngomong marang aku, ""Aku luwih seneng nglarani awakku tinimbang dadi negro."" Aku ora percaya yen ana wong sing mikir kaya ngono!",0,"{'action': 'remove', 'western_matches': ['n_word'], 'convertible_matches': [], 'reason': 'Contains Western-specific: n_word'}"
"Ing perang balapan, mungsuh ora mung sing pro-Biden nanging uga wong-wong sing khianat sing seneng karo pengusaha aneh.",0,"{'action': 'remove', 'western_matches': ['us_politics'], 'convertible_matches': [], 'reason': 'Contains Western-specific: us_politics'}"
"sampah donya? Brexiteers, wong ora duwe pikiran lan njijiki",0,"{'action': 'remove', 'western_matches': ['uk_politics'], 'convertible_matches': [], 'reason': 'Contains Western-specific: uk_politics'}"
"""Aku ora bisa nahan fags"" minangka perkara sing nggegirisi, lan ing taun 2020 uga!",0,"{'action': 'remove', 'western_matches': ['slurs'], 'convertible_matches': [], 'reason': 'Contains Western-specific: slurs'}"
"Aku ngomong wong aku ora mikir kikes bodho, nanging aku mikir wong bodho",2,"{'action': 'remove', 'western_matches': ['slurs'], 'convertible_matches': [], 'reason': 'Contains Western-specific: slurs'}"
"Cocok. Telpon kanggo bhinéka tansah fokus ing Negro, ora malah ing kelompok campuran, tansah khusus ing Negro. Negro kalebu 3% saka populasi ing Inggris.",2,"{'action': 'remove', 'western_matches': ['n_word'], 'convertible_matches': [], 'reason': 'Contains Western-specific: n_word'}"
Aku pancene seneng Brexit. Aku iki apik banget - aku pengin kabeh migran metu,3,"{'action': 'remove', 'western_matches': ['uk_politics'], 'convertible_matches': [], 'reason': 'Contains Western-specific: uk_politics'}"
"Beda spesies utawa kosok balene, kok malah ora duwe tata krama... Kucing & asu uga duwe tata krama yen diwulang, mula wong Negro kok ora bisa duwe tata krama.",3,"{'action': 'remove', 'western_matches': ['n_word'], 'convertible_matches': [], 'reason': 'Contains Western-specific: n_word'}"
"Kanggoku, rasane ana sing luwih saka iku. - pamindhahan Trump katon spesifik lan strategis; utamané aspek legal. - Otak Partai Demokrat babagan masalah pajak ora lengkap, lan kudu menehi pitunjuk gedhe. Gagal amarga pemrograman ora ditampa. Dheweke tumindak tegas amarga akeh pengkhianat iki sing nyamar dadi peduli karo wong liya. Susan Rice = sugih. Michelle Obama = sugih. Melinda Gates = sugih. Akeh liyane. Aku yakin masalah iki babagan infiltrasi lan subversi. - Nguatake masyarakat, nyingkirake wong-wong sing duwe kuwasa, lan nyelipake ""wong-wonge"" kanthi topeng ""pemimpin sing apik lan wicaksana""; kang sejatine pengecut lan ala. Trump ora ngetrapake garis moral babagan iki amarga dheweke ora kudu. Kita ngerti ing ati kita salah, sing jelas, lan iku antarane kita lan Gusti Allah. Bajingan iki ngrusak kedaulatan kita kanthi nggawe papan sing palsu. Padha sijine wong ing posisi daya, lan padha wis mabur ing radar wiwit. Trump ngresiki rereget saka karyane.",0,"{'action': 'remove', 'western_matches': ['us_politics'], 'convertible_matches': [], 'reason': 'Contains Western-specific: us_politics'}"
DMku kebak niggas rusak. bisa njaluk con utawa bakul tamba kaya wtf,2,"{'action': 'remove', 'western_matches': ['n_word'], 'convertible_matches': [], 'reason': 'Contains Western-specific: n_word'}"
Kasunyatan iku alternatif kanggo sampeyan kanggo nandheske sing budaya trump ekonomi amarga éling sing d@rk1es ateges Bunch saka kethek kontrol dening kita bakal biaya dhuwit.,1,"{'action': 'remove', 'western_matches': ['us_politics'], 'convertible_matches': [], 'reason': 'Contains Western-specific: us_politics'}"
"Kancaku kepengin metu dadi lesbian, aku ngomong yen aku ora bakal kekancan karo dyke.",2,"{'action': 'remove', 'western_matches': ['slurs'], 'convertible_matches': ['lgbtq'], 'reason': 'Contains Western-specific: slurs'}"
iku salah siji saka panggonan ala sing sampurna kanggo gypsies,2,"{'action': 'remove', 'western_matches': ['gypsy'], 'convertible_matches': [], 'reason': 'Contains Western-specific: gypsy'}"
tempek nigga nggegirisi nang endi wae,2,"{'action': 'remove', 'western_matches': ['n_word'], 'convertible_matches': [], 'reason': 'Contains Western-specific: n_word'}"
"Sampeyan salah. Jumlahe nganti 50%, lan perkawinan lesbian pancen duwe tingkat pegatan paling dhuwur. Homo duwe paling, aku iku apik kanggo wong-wong mau. Ngatasi kucing wanita fagette. Mati piyambak minangka buntu genetis. Matur nuwun Gusti kanggo pilihan alam!",3,"{'action': 'remove', 'western_matches': ['slurs'], 'convertible_matches': ['women', 'lgbtq'], 'reason': 'Contains Western-specific: slurs'}"
"Hei, ayo Mbayar dhuwit menyang scammer Gypsy, nindakake apa scammers Gypsy tansah nindakake kanggo wong kulit putih ing Eropah. Ide apik. Aku yakin dheweke ora mikir apa-apa kajaba kesehatan sampeyan.",3,"{'action': 'remove', 'western_matches': ['gypsy'], 'convertible_matches': [], 'reason': 'Contains Western-specific: gypsy'}"
Aku ngerti akeh bocah-bocah wadon Ukrainia/Bulgaria sing pengin duwe pacar Jerman sing kuwat. Dheweke mung ngomong supaya ora digebugi dening nigga,3,"{'action': 'remove', 'western_matches': ['n_word'], 'convertible_matches': [], 'reason': 'Contains Western-specific: n_word'}"
Aturan sialan niggas,0,"{'action': 'remove', 'western_matches': ['n_word'], 'convertible_matches': [], 'reason': 'Contains Western-specific: n_word'}"
Pendukung Trump pancen sampah. Malah republikan liyane sengit marang dheweke,0,"{'action': 'remove', 'western_matches': ['us_politics'], 'convertible_matches': [], 'reason': 'Contains Western-specific: us_politics'}"
"Aku seneng yen wong nelpon bojoku bodho, iku negro bodho",2,"{'action': 'remove', 'western_matches': ['n_word'], 'convertible_matches': [], 'reason': 'Contains Western-specific: n_word'}"
"Aku pancen sehat mental. Lan aku seneng dadi aku saiki. Aku ora pengin cara liyane. Lan aku dyke, dudu homo, njaluk bener, wong bodho!",2,"{'action': 'remove', 'western_matches': ['slurs'], 'convertible_matches': ['lgbtq'], 'reason': 'Contains Western-specific: slurs'}"
Aku bungah mikir babagan negara kita pasca-Brexit: ora ana wong njaba sing tetep kerja,1,"{'action': 'remove', 'western_matches': ['uk_politics'], 'convertible_matches': [], 'reason': 'Contains Western-specific: uk_politics'}"
Senajan wong kulit putih kadhangkala bisa brutal. Dheweke ora duwe kecenderungan brutal sing diduweni wong negro. Dheweke ora nganggep yen nyiksa wong liya pancen lucu.,3,"{'action': 'remove', 'western_matches': ['n_word'], 'convertible_matches': [], 'reason': 'Contains Western-specific: n_word'}"
"Aku pengin aku bisa matèni kabeh negro prau, rudo pekso pengungsi, lan migran",3,"{'action': 'remove', 'western_matches': ['n_word'], 'convertible_matches': ['immigrants'], 'reason': 'Contains Western-specific: n_word'}"
Sloane nuduh Kirkpatrick nganggep Blanchard minangka negro kapal. Dheweke nulis yen dheweke nonton kanthi medeni lan kagum minangka salah sawijining momen paling kuat ing sejarah televisi anyar,0,"{'action': 'remove', 'western_matches': ['n_word'], 'convertible_matches': [], 'reason': 'Contains Western-specific: n_word'}"
"Wong apik sing senengane Drunk Nancy nalika Presiden Trump nyebat kewan galak. Bocah nakal sing mung butuh tamparan, Nancy mabuk? Dipercaya yen ana wong bodho kaya profesor negro sing dianggep serius, edan, dikumbah, garing, lan wanita grifter. Yen 4 taun kepungkur + virus China wis ngajari aku apa-apa, yaiku akeh wong bodho sing ngamuk ing antarane kita.",3,"{'action': 'remove', 'western_matches': ['n_word', 'us_politics'], 'convertible_matches': ['women'], 'reason': 'Contains Western-specific: n_word, us_politics'}"
"peduli, ngandika fagots pantes mati, carane nggegirisi, sanajan iku ora salah",3,"{'action': 'remove', 'western_matches': ['slurs'], 'convertible_matches': [], 'reason': 'Contains Western-specific: slurs'}"
"Amarga iki mbuktekake maneh yen ""konservatisme"" ora tau ana gunane. Mulane aku dadi ""pendukung Trump sayap tengen"" sing ora bakal milih Partai Republik sing korup maneh sawise 2020. Kiri terus nggeser Kiri amarga Partai Konservatif terus kompromi. Yen sampeyan ora bakal oke karo mantu liberal wimpy 10 taun kepungkur, nanging sampeyan saiki, iku bukti kompromi lan daya indoctrinating saka Kiri, malah kanggo ""konservatif.""",0,"{'action': 'remove', 'western_matches': ['us_politics'], 'convertible_matches': [], 'reason': 'Contains Western-specific: us_politics'}"
"Aku ki lucu nek niggas ngerti nyulap sepira rasane haha, menurutku monyet iku pinter.",2,"{'action': 'remove', 'western_matches': ['n_word'], 'convertible_matches': [], 'reason': 'Contains Western-specific: n_word'}"
mungkasi nggunakake tembung nigga,0,"{'action': 'remove', 'western_matches': ['n_word'], 'convertible_matches': [], 'reason': 'Contains Western-specific: n_word'}"
"""Aku pancene sengit negro"", haha ​​​​kaya legenda nalika ngomong.",3,"{'action': 'remove', 'western_matches': ['n_word'], 'convertible_matches': [], 'reason': 'Contains Western-specific: n_word'}"
"Aja salah njupuk. Aku ora sengit niggaz, nanging aku mesthi ora seneng",1,"{'action': 'remove', 'western_matches': ['n_word'], 'convertible_matches': [], 'reason': 'Contains Western-specific: n_word'}"
"Dear Gypsies, mungkasi ngomong sampeyan duwe niat murni nalika sampeyan jelas ora",2,"{'action': 'remove', 'western_matches': ['gypsy'], 'convertible_matches': [], 'reason': 'Contains Western-specific: gypsy'}"
"Aku malah ora pengin omah-omah nanging apa maneh nigga, kaya apa sing bakal daklakoni?",2,"{'action': 'remove', 'western_matches': ['n_word'], 'convertible_matches': [], 'reason': 'Contains Western-specific: n_word'}"
latinos dhasare rayap,2,"{'action': 'remove', 'western_matches': ['mexican'], 'convertible_matches': [], 'reason': 'Contains Western-specific: mexican'}"
Ora ana wong negro iki sing mikir yen sikape bisa dadi masalah. Kepiye carane bisa kerja bareng karo wong liya yen sampeyan nganggep dheweke kabeh rasis?,2,"{'action': 'remove', 'western_matches': ['n_word'], 'convertible_matches': [], 'reason': 'Contains Western-specific: n_word'}"
Aku bakal pukul sapa sing ngomong negro pantes mati,0,"{'action': 'remove', 'western_matches': ['n_word'], 'convertible_matches': [], 'reason': 'Contains Western-specific: n_word'}"
Aku tresna marang kumingsun Boris,0,"{'action': 'remove', 'western_matches': ['uk_politics'], 'convertible_matches': [], 'reason': 'Contains Western-specific: uk_politics'}"
"Ya, kuwi kelakuane Kike sing khas",2,"{'action': 'remove', 'western_matches': ['slurs'], 'convertible_matches': [], 'reason': 'Contains Western-specific: slurs'}"
prinsip sundel negro banget kurang,2,"{'action': 'remove', 'western_matches': ['n_word'], 'convertible_matches': [], 'reason': 'Contains Western-specific: n_word'}"
Ora ana gunane aku mlebu sekolah yen kabeh wong nyebut aku negro lan ora nggatekake aku,0,"{'action': 'remove', 'western_matches': ['n_word'], 'convertible_matches': [], 'reason': 'Contains Western-specific: n_word'}"
"Dheweke melu praktik kredit predatory sing aktif target wong kulit ireng kanggo menehi utangan omah subprime. Malah padha menyang greja. Wong sing nduweni kualifikasi kanggo silihan biasa diwenehi silihan subprime. Padha ngaco. Wong-wong iki kudu dikunjara, lan uga Bloomberg.",0,"{'action': 'remove', 'western_matches': ['uk_politics'], 'convertible_matches': [], 'reason': 'Contains Western-specific: uk_politics'}"
sampeyan sampah nigga,3,"{'action': 'remove', 'western_matches': ['n_word'], 'convertible_matches': [], 'reason': 'Contains Western-specific: n_word'}"
nigger bodho ora ngerti carane nggunakake obyek landhep. Smh kok padha bodho. Aku ngerti asu luwih pinter tinimbang 95% populasi negro.,3,"{'action': 'remove', 'western_matches': ['n_word'], 'convertible_matches': [], 'reason': 'Contains Western-specific: n_word'}"
"Sampeyan masalah. Sampeyan luwih seneng supaya komunis kaya Biden kapilih lan supaya dheweke njupuk alih kalebu kelas pekerja, wong trans, imigran, lsp. tinimbang nolak lan milih Trump sing bakal mbantu kabeh klompok putih sing sampeyan peduli.",3,"{'action': 'remove', 'western_matches': ['us_politics'], 'convertible_matches': ['immigrants'], 'reason': 'Contains Western-specific: us_politics'}"
"Ya, nanging sampeyan isih keterlambatan, sampeyan wetback",2,"{'action': 'remove', 'western_matches': ['slurs'], 'convertible_matches': [], 'reason': 'Contains Western-specific: slurs'}"
"""Jancok negro, kikes, trannies, homo, spics, arab, chinks, fatties lan jannies kurang ajar!"" - Mangga nindakake kita kabeh sih lan metu sedhela amarga sampeyan ora oke.",0,"{'action': 'remove', 'western_matches': ['n_word', 'slurs'], 'convertible_matches': ['lgbtq'], 'reason': 'Contains Western-specific: n_word, slurs'}"
Sampeyan putih lan sampeyan ora bisa nongkrong karo sampah negro,3,"{'action': 'remove', 'western_matches': ['n_word'], 'convertible_matches': [], 'reason': 'Contains Western-specific: n_word'}"
"Aku pracaya. cemeng ing tetanggan dhewe kudu duwe malah Samsaya Awon. Aku krungu bab alangan padha nyebabake putih Afrika Kidul, lan iku isin. Aku cukup apes kanggo ketemu sawetara simpanse ing uripku.. Padha bodho... Lan kesed... Dadi aku ora bisa mbayangno kaya apa yen salah siji saka simpanse jahat iki minangka abdi! Aku wis weruh asu sing luwih pinter lan kerja keras. Aku sing paling anyar iki karo negro liar ing panggonan makaryo Bojoku.. Wanted kanggo ngganggu dheweke. Aku wingi nemoni dheweke lan kayane ora ana masalah maneh. Sing bodho He-boon menehi kula salah siji sing 'stares'. Nanging mesthi dheweke ora pengin 'main-main' karo aku.",3,"{'action': 'remove', 'western_matches': ['n_word'], 'convertible_matches': [], 'reason': 'Contains Western-specific: n_word'}"
"iki tambah konyol, kok saben wong nganggep yen negro prau iku ora ala, iku lan kudu dadi kawruh umum kanggo kabeh, aku ora pengin kudu mubeng-mubeng ngandhani wong nalika kudune wis ngerti.",2,"{'action': 'remove', 'western_matches': ['n_word'], 'convertible_matches': [], 'reason': 'Contains Western-specific: n_word'}"
Wong nyebut aku nigga lan aku ora setuju,0,"{'action': 'remove', 'western_matches': ['n_word'], 'convertible_matches': [], 'reason': 'Contains Western-specific: n_word'}"
Aku bungah aku nguwasani Spanyol ing SMA lan saiki bisa ngerti kabeh moyoki kasar aku digunakake marang Latinos.,2,"{'action': 'remove', 'western_matches': ['mexican'], 'convertible_matches': [], 'reason': 'Contains Western-specific: mexican'}"
Aku pengin negara kita sawise Brexit: wong njaba ora ditampa maneh,1,"{'action': 'remove', 'western_matches': ['uk_politics'], 'convertible_matches': [], 'reason': 'Contains Western-specific: uk_politics'}"
"Ana sing bisa ngomong kenapa presiden kita ora ngukum polisi karo Black Panthers, masalah BLM iki ?? Nalika iku aku sengit marang Trump. Dheweke pander banget marang pamilih lan dudu presiden",0,"{'action': 'remove', 'western_matches': ['us_politics'], 'convertible_matches': [], 'reason': 'Contains Western-specific: us_politics'}"
Aku yakin 'kikes' ora seneng karo wong Arab,2,"{'action': 'remove', 'western_matches': ['slurs'], 'convertible_matches': [], 'reason': 'Contains Western-specific: slurs'}"
iku wektu kanggo pirembagan bab loro konsep ngelawan: kaendahan lan Gypsy,0,"{'action': 'remove', 'western_matches': ['gypsy'], 'convertible_matches': [], 'reason': 'Contains Western-specific: gypsy'}"
"Konteks: negro Muslim iki nyerang asu. Jancok Muslim, negro lan kabeh wong manca. Dheweke kudu metu saka negara putih sing dibangun dening wong kulit putih. Dheweke wis nuduhake yen dheweke mung bisa ngrusak peradaban lan ora bisa mbangun dhewe, mula dheweke nyerang negara-negara putih kanggo nyolong kemajuane nganti pungkasane ngrusak dheweke.",3,"{'action': 'remove', 'western_matches': ['n_word'], 'convertible_matches': ['muslims'], 'reason': 'Contains Western-specific: n_word'}"
"Ya, negara sing ngeksekusi wong lan Trump kanthi pribadi ujar yen dheweke bajingan karo wong sing salah yaiku ... Iku kedadeyan ... Lol, penggemar Trump bisa uga bodho kaya liberal. Ora tau ndeleng kutipan kasebut disalahake kanthi cara sing salah, manawa Inggris dudu basa pertama, sial.",2,"{'action': 'remove', 'western_matches': ['us_politics'], 'convertible_matches': [], 'reason': 'Contains Western-specific: us_politics'}"
kebersihan minangka konsep sing ora ana hubungane karo niggas,2,"{'action': 'remove', 'western_matches': ['n_word'], 'convertible_matches': [], 'reason': 'Contains Western-specific: n_word'}"
fagot before bromo darling!,0,"{'action': 'remove', 'western_matches': ['slurs'], 'convertible_matches': [], 'reason': 'Contains Western-specific: slurs'}"
"Aku digunakake kanggo njaluk bajingan dening adhine kang ireng mantan pacar sawise bejat munggah. Dheweke takon apa aku pengin nulungi kancaku. Aku snorted kokain mati degdegan, kang digunakake kanggo nelpon kula ""kurang ajar fagot"" bola-bali nalika dheweke kurang ajar kula (utamané nalika dheweke wis cedhak orgasme) lan supaya kula njupuk siji saka reged kathok bali menyang ngarep supaya aku dilat lan sniff iku nalika aku wungu. Dem bois bajingan, nanging yen sampeyan dadi BLACK ...",3,"{'action': 'remove', 'western_matches': ['slurs'], 'convertible_matches': [], 'reason': 'Contains Western-specific: slurs'}"
"Sampeyan terus mbaleni, klip putrane Trump mbaleni, nanging ing debat Trump ora nyaranake mundur, ujare mundur lan ngadeg. Ora mundur. Luwih becik yen kita ngrungokake.",0,"{'action': 'remove', 'western_matches': ['us_politics'], 'convertible_matches': [], 'reason': 'Contains Western-specific: us_politics'}"
"Aku sengit yen aku diarani negro, iku elek",0,"{'action': 'remove', 'western_matches': ['n_word'], 'convertible_matches': [], 'reason': 'Contains Western-specific: n_word'}"
Kahanan politik saiki sing disebabake dening Trump. Dheweke ngganggu. Dadi mungkin sampeyan bener babagan wanita lan perane ing kerusuhan politik.,1,"{'action': 'remove', 'western_matches': ['us_politics'], 'convertible_matches': ['women'], 'reason': 'Contains Western-specific: us_politics'}"
Boris Johnson bisa dilat bokongku,0,"{'action': 'remove', 'western_matches': ['uk_politics'], 'convertible_matches': [], 'reason': 'Contains Western-specific: uk_politics'}"
"halo followers, iki protes saka wong sing lara nganti mati diarani negro, aja nganggo tembung kasebut!",0,"{'action': 'remove', 'western_matches': ['n_word'], 'convertible_matches': [], 'reason': 'Contains Western-specific: n_word'}"
"Yen kowe ora gelem dadi niggaku salawase uripmu, ojo ngomong karo aku, aku ora pengin ngerti sapa wae lan kabeh bakal rampung.",0,"{'action': 'remove', 'western_matches': ['n_word'], 'convertible_matches': [], 'reason': 'Contains Western-specific: n_word'}"
Aku sengit marang wong sing ora sopan marang wong Roma,0,"{'action': 'remove', 'western_matches': ['gypsy'], 'convertible_matches': [], 'reason': 'Contains Western-specific: gypsy'}"
Aku ndhukung paukuman pati yen tegese ngilangi spesies wetback saka negara kita,3,"{'action': 'remove', 'western_matches': ['slurs'], 'convertible_matches': [], 'reason': 'Contains Western-specific: slurs'}"
Wong-wong isih nyebut wong ireng niggas lan aku seneng,2,"{'action': 'remove', 'western_matches': ['n_word'], 'convertible_matches': ['blacks'], 'reason': 'Contains Western-specific: n_word'}"
"NIGGERS iku uwuh! kuwi tanggaku bengok-bengok dina iki, aku ireng",0,"{'action': 'remove', 'western_matches': ['n_word'], 'convertible_matches': [], 'reason': 'Contains Western-specific: n_word'}"
"Aku sengit karo tembung fagot, kaya-kaya minangka pujian kanggo wong wadon utawa wong homo!",0,"{'action': 'remove', 'western_matches': ['slurs'], 'convertible_matches': ['women', 'lgbtq'], 'reason': 'Contains Western-specific: slurs'}"
"Aku ora mikir sapa sing sengit Gili bisa nglampahi wektu ing forum iki. Kajaba iku, aku durung weruh apa-apa sing dikirim ing kene sing meh padha karo wong sing ora seneng karo dykes.",1,"{'action': 'remove', 'western_matches': ['slurs'], 'convertible_matches': [], 'reason': 'Contains Western-specific: slurs'}"
"Yen negara iki pancen rasis, mula aku ora bakal dikandhani meneng saben aku njerit nigga ing McDonalds!",3,"{'action': 'remove', 'western_matches': ['n_word'], 'convertible_matches': [], 'reason': 'Contains Western-specific: n_word'}"
"Eh, nembe gabung ing situs! Aku pengin nggedhekake jangkauan media sosial, lan aku seneng arsitektur yen ana sing kasengsem! Aku uga pengin golek Utas sing ora mung duwe kikes?",0,"{'action': 'remove', 'western_matches': ['slurs'], 'convertible_matches': [], 'reason': 'Contains Western-specific: slurs'}"
Aku mesthi nampa yen wong liya nyebut kancaku nigga,1,"{'action': 'remove', 'western_matches': ['n_word'], 'convertible_matches': [], 'reason': 'Contains Western-specific: n_word'}"
"Aku ngomong wong aku ora mikir pikey bodho, nanging aku mikir dheweke bodho",2,"{'action': 'remove', 'western_matches': ['european_specific'], 'convertible_matches': [], 'reason': 'Contains Western-specific: european_specific'}"
Aku mung wonder kok negro duwe bedbugs antarane infestations nest njijiki liyane?,3,"{'action': 'remove', 'western_matches': ['n_word'], 'convertible_matches': [], 'reason': 'Contains Western-specific: n_word'}"
"sampah donya? sing ndhukung Trump, wong sing ora masuk akal lan njijiki",0,"{'action': 'remove', 'western_matches': ['us_politics'], 'convertible_matches': [], 'reason': 'Contains Western-specific: us_politics'}"
Boris Johnson pancen elek,0,"{'action': 'remove', 'western_matches': ['uk_politics'], 'convertible_matches': [], 'reason': 'Contains Western-specific: uk_politics'}"
"Ya, kita bener-bener menang amarga kita ngidini para demonstran ngrusak kutha-kutha kita, sejarah kita, lan nggawe meh ilegal kanggo sing duwe omah kanggo mbela awake dhewe. Mangga MAGA!",0,"{'action': 'remove', 'western_matches': ['us_politics'], 'convertible_matches': [], 'reason': 'Contains Western-specific: us_politics'}"
boris johnson iku bajingan rasis,0,"{'action': 'remove', 'western_matches': ['uk_politics'], 'convertible_matches': [], 'reason': 'Contains Western-specific: uk_politics'}"
"Sampeyan ngerti, aku lan nigga saya cedhak banget nganti sampeyan ora bisa pisah.",0,"{'action': 'remove', 'western_matches': ['n_word'], 'convertible_matches': [], 'reason': 'Contains Western-specific: n_word'}"
Ngganggu aku yen wong nelpon kula 'nigga' mung amarga aku ireng.,0,"{'action': 'remove', 'western_matches': ['n_word'], 'convertible_matches': [], 'reason': 'Contains Western-specific: n_word'}"
Aku ora pengin ndeleng negro maneh kajaba dheweke numpak prau mulih,2,"{'action': 'remove', 'western_matches': ['n_word'], 'convertible_matches': [], 'reason': 'Contains Western-specific: n_word'}"
ayo ngomong babagan antitesis intelijen: Brexiters,0,"{'action': 'remove', 'western_matches': ['uk_politics'], 'convertible_matches': [], 'reason': 'Contains Western-specific: uk_politics'}"
Biden kudu nembak awake dhewe,0,"{'action': 'remove', 'western_matches': ['us_politics'], 'convertible_matches': [], 'reason': 'Contains Western-specific: us_politics'}"
"peduli, ngandika dykes pantes mati, carane nggegirisi lan salah",0,"{'action': 'remove', 'western_matches': ['slurs'], 'convertible_matches': [], 'reason': 'Contains Western-specific: slurs'}"
"Sampeyan kabeh wong bule ngirim blog iki sing ngakoni carane wong ireng banter, kasar, ora sopan, lan cara ngomong babagan wong liya. haha, kowe serius? Apa sampeyan ora weruh apa sing sampeyan lakoni? orane sampeyan; ora sopan, lan obnoxious, & guess apa; sampeyan ngomong babagan wong. lmao, ngomong ""nigger"" tinimbang Afrika-Amerika? Ya wow ngajeni banget.",0,"{'action': 'remove', 'western_matches': ['n_word'], 'convertible_matches': ['blacks'], 'reason': 'Contains Western-specific: n_word'}"
"""Aku kurang ajar sengit negro,"" iku bodho ngandika ing muter sawijining.",0,"{'action': 'remove', 'western_matches': ['n_word'], 'convertible_matches': [], 'reason': 'Contains Western-specific: n_word'}"
"Aku pengin undhang-undhang bakal liwati kanggo nyegah iki kedaden maneh lan duwe jeneng Obama minangka akronim, utawa duwe jeneng kaya ""Nyegah Obama / Penipuan Pemilihan gaya Clinton"", lan banjur nglarang DNC lan sundel saka melu politik. .",2,"{'action': 'remove', 'western_matches': ['us_politics'], 'convertible_matches': ['lgbtq'], 'reason': 'Contains Western-specific: us_politics'}"
obama ora ana gunane amarga dheweke ireng,3,"{'action': 'remove', 'western_matches': ['us_politics'], 'convertible_matches': [], 'reason': 'Contains Western-specific: us_politics'}"
"Aku pancene sengit freaks libtard sing nyenengi ing sampah iki. Apa sing kedadeyan ... masa depan katon banget. Aku matur nuwun, aku patang puluh pitu lan ora duwe anak. Kutha-kutha ing Inggris saya tambah parah sajrone 20 taun kepungkur. Taun kepungkur, sampeyan ora tau weruh negro siji. Yen sampeyan nindakake, iku bakal kelakon dhewe. Sayange, saiki lagi ana ing endi-endi. Apa Sydney kanggo negro? Apa ana campuran negro sing beda kaya London?",3,"{'action': 'remove', 'western_matches': ['n_word'], 'convertible_matches': [], 'reason': 'Contains Western-specific: n_word'}"
Aku wong negro,0,"{'action': 'remove', 'western_matches': ['n_word'], 'convertible_matches': [], 'reason': 'Contains Western-specific: n_word'}"
Aja nganti negro pasir iki ngganggu sampeyan,3,"{'action': 'remove', 'western_matches': ['n_word'], 'convertible_matches': [], 'reason': 'Contains Western-specific: n_word'}"
"Pakaryan Inggris kanggo para pekerja Inggris? Terus ngimpi, ujare Boris, amarga dheweke ngrancang mbukak mayuta-yuta proyek kanggo kompetisi global ....",1,"{'action': 'remove', 'western_matches': ['uk_politics'], 'convertible_matches': [], 'reason': 'Contains Western-specific: uk_politics'}"
Aku seneng yen niggas dikirim bali menyang omah,1,"{'action': 'remove', 'western_matches': ['n_word'], 'convertible_matches': [], 'reason': 'Contains Western-specific: n_word'}"
"Aku mung weruh pikey iki ing kutha lan nyoba kanggo ngomong karo kula, ora thanks.",1,"{'action': 'remove', 'western_matches': ['european_specific'], 'convertible_matches': [], 'reason': 'Contains Western-specific: european_specific'}"
"Negro iku sing paling awon sing bisa sampeyan nelpon aku, nanging aku bisa nelpon sampeyan malah luwih elek nganggep sampeyan bocah sing nakal",3,"{'action': 'remove', 'western_matches': ['n_word'], 'convertible_matches': [], 'reason': 'Contains Western-specific: n_word'}"
"Kancaku Chris nigga miturut omongane wong bodho. Jancok sampeyan, wong bodho tanpa otak!",0,"{'action': 'remove', 'western_matches': ['n_word'], 'convertible_matches': [], 'reason': 'Contains Western-specific: n_word'}"
"Aku ngomong aku seneng negro, nanging aku ora",1,"{'action': 'remove', 'western_matches': ['n_word'], 'convertible_matches': [], 'reason': 'Contains Western-specific: n_word'}"
Aku seneng sombong saka negro,2,"{'action': 'remove', 'western_matches': ['n_word'], 'convertible_matches': [], 'reason': 'Contains Western-specific: n_word'}"
"Negara pengasuh ing Cali nggegirisi, lan wanita kiwa dadi ratu, aku biyen lunga karo kanca-kanca nalika kuliah. Aku wis tau ing kahanan bar ngendi wong padha argue langsung bab nasionalisme, amarga ras lan nasionalisme njupuk precedence ing pemandangan klub kene, ngendi cemeng nyawiji lan Mexicans nyawiji lan saben duwe budaya dhewe lan wong ireng. biasane nargetake wanita ireng, lan simpati BLM wis impact ing panggonan sing, iku malah luwih ketok carane lomba tetep manunggal karo mung tabel ing klub, Aku pengin ana liyane manunggal.",0,"{'action': 'remove', 'western_matches': ['mexican'], 'convertible_matches': ['blacks', 'women'], 'reason': 'Contains Western-specific: mexican'}"
"Halo followers. Sapa sing kudu aku troll dina iki? Misoginis, rasis, homofobik utawa MAGA? Iki minangka pitakonan trick amarga kabeh wong sing padha.",0,"{'action': 'remove', 'western_matches': ['us_politics'], 'convertible_matches': ['lgbtq'], 'reason': 'Contains Western-specific: us_politics'}"
"Mungkasi nelpon 'n-tembung', iku NIGGER! Mung werna",0,"{'action': 'remove', 'western_matches': ['n_word'], 'convertible_matches': [], 'reason': 'Contains Western-specific: n_word'}"
"Aku isih milih Trump ing 2020, nanging sawise dheweke kapilih maneh, kita kudu ndandani",0,"{'action': 'remove', 'western_matches': ['us_politics'], 'convertible_matches': [], 'reason': 'Contains Western-specific: us_politics'}"
Wong-wong mau seneng nelpon Trump minangka Nazi,1,"{'action': 'remove', 'western_matches': ['us_politics'], 'convertible_matches': [], 'reason': 'Contains Western-specific: us_politics'}"
Yo sawetara niggas metu saka kunjara sesuk lan aku bungah kanggo ngalahake,3,"{'action': 'remove', 'western_matches': ['n_word'], 'convertible_matches': [], 'reason': 'Contains Western-specific: n_word'}"
fags ora ngerti apa-apa,2,"{'action': 'remove', 'western_matches': ['slurs'], 'convertible_matches': [], 'reason': 'Contains Western-specific: slurs'}"
"Bajingan njijiki, metu saka kene, gypsy sialan!",3,"{'action': 'remove', 'western_matches': ['gypsy'], 'convertible_matches': [], 'reason': 'Contains Western-specific: gypsy'}"
"padha ngidini niggers matèni wong putih, Aku nang ora siji nigger bisa operate peralatan",3,"{'action': 'remove', 'western_matches': ['n_word'], 'convertible_matches': ['whites'], 'reason': 'Contains Western-specific: n_word'}"
Tumpukan gedhe sampah mambu iku apa nigga,2,"{'action': 'remove', 'western_matches': ['n_word'], 'convertible_matches': [], 'reason': 'Contains Western-specific: n_word'}"
"trailer iki njijiki lan trashy, mung cocok kanggo gypsies",2,"{'action': 'remove', 'western_matches': ['gypsy'], 'convertible_matches': [], 'reason': 'Contains Western-specific: gypsy'}"
Aku dadi pegel yen wong nyebut aku 'dyke' amarga rambutku cendhak. Dykes njijiki lan aku sengit wong,3,"{'action': 'remove', 'western_matches': ['slurs'], 'convertible_matches': [], 'reason': 'Contains Western-specific: slurs'}"
sampah donya? sing milih nglawan Brexit iku wong sing ora wajar lan njijiki,0,"{'action': 'remove', 'western_matches': ['uk_politics'], 'convertible_matches': [], 'reason': 'Contains Western-specific: uk_politics'}"
"Saka kabeh konspirasi sing dakrungu sajrone pirang-pirang taun, iki mesthi dadi favoritku: ""teori konspirasi QAnon sing nyatakake yen Trump lagi perang nglawan pedofil setan global sing ngombe getih bocah-bocah sing dipateni"" .",0,"{'action': 'remove', 'western_matches': ['us_politics'], 'convertible_matches': [], 'reason': 'Contains Western-specific: us_politics'}"
"iki njupuk ridiculous, kok saben wong mikir Republicans ora ala, padha lan sing kudu dadi kawruh umum kanggo kabeh, Aku ora arep kanggo pindhah watara marang wong nalika padha kudu wis ngerti.",0,"{'action': 'remove', 'western_matches': ['us_politics'], 'convertible_matches': [], 'reason': 'Contains Western-specific: us_politics'}"
